Date,Visting Team,League,Visiting Team Game Number,Home Team,League,Home Team Game Number,Visiting Team Score,Home Team Score,Length of Game in Outs,Park ID,Attendance,Visiting Team Line Numbers,Home Team Line Numbers,Visting Team At-Bats,Visting Team Hits,Visting Team Doubles,Visting Team Triples,Visting Team Home-Runs,Visting Team RBI,Visiting Team Sac Hits,Visting Team Sac Flys,Visting Team HBP,Visting Team Walks,Visting Team Int Walks,Visting Team Strikeouts,Visting Team Stolen Bases,Visting Team Caught Stealing,Visting Team G Double Play,Visting Team Awarded First on Interference,Visiting Team LOB,Visting Team Pitchers Used,Visting Team Ind ER,Visting Team Team ER,Visting Team Wild Pitches,Visting Team Balks,Visting Team Put-outs,Visting Team Assists,Visting Team Errors,Visting Team Passed Balls,Visting Team Double Plays,Visting Team Triple Plays,Home Team At-Bats,Home Team Hits,Home Team Doubles,Home Team Triples,Home Team Home-Runs,Home Team RBI,Home Team Sac Hits,Home Team Sac Flys,Home Team HBP,Home Team Walks,Home Team Int Walks,Home Team Strikeouts,Home Team Stolen Bases,Home Team Caught Stealing,Home Team G Double Play,Home Team Awarded First on Interference,Home Team LOB,Home Team Pitchers Used,Home Team Ind ER,Home Team Team ER,Home Team Wild Pitches,Home Team Balks,Home Team Put-outs,Home Team Assists,Home Team Errors,Home Team Passed Balls,Home Team Double Plays,Home Team Triple Plays,Winning Pitcher ID,Winning Pitcher Name,Losing Pitcher ID,Losing Pitcher Name,Saving Pitcher ID,Saving Pitcher Name,Visiting Starter Pitcher ID,Visiting Starter Pitcher Name,Home Starter Pitcher ID,Home Starter Pitcher Name
"20160404","CHN","NL",1,"ANA","AL",1,9,0,54,"ANA01",44020,"100202103","000000000",37,11,3,0,1,9,0,0,0,7,1,12,0,0,1,0,8,3,0,0,0,0,27,9,0,0,1,0,29,3,1,0,0,0,0,0,0,1,0,7,0,0,0,0,3,5,9,9,0,0,27,8,1,0,1,0,"arrij001","Jake Arrieta","richg002","Garrett Richards","","(none)","arrij001","Jake Arrieta","richg002","Garrett Richards",
"20160405","CHN","NL",2,"ANA","AL",2,6,1,54,"ANA01",37042,"004000200","000001000",36,9,1,0,3,6,0,0,0,0,0,9,0,0,0,0,3,4,1,1,0,0,27,13,1,0,0,0,32,4,1,0,0,1,0,0,0,0,0,6,0,0,0,0,4,5,6,6,0,0,27,9,0,0,0,0,"lestj001","Jon Lester","heana001","Andrew Heaney","","(none)","lestj001","Jon Lester","heana001","Andrew Heaney",
"20160407","CHN","NL",3,"ARI","NL",4,14,6,54,"PHO01",24656,"022500104","312000000",41,14,3,2,1,11,0,0,1,10,0,5,1,0,0,0,11,4,6,6,0,0,27,8,0,0,1,0,33,8,2,1,2,6,0,1,0,2,0,10,0,0,1,0,3,5,13,13,1,0,27,9,2,0,0,0,"lackj001","John Lackey","delar003","Rubby de la Rosa","","(none)","lackj001","John Lackey","delar003","Rubby de la Rosa",
"20160408","CHN","NL",4,"ARI","NL",5,2,3,53,"PHO01",27539,"002000000","000001011",30,5,2,0,0,2,0,0,1,4,0,6,0,0,1,0,6,5,3,3,0,0,26,12,1,0,1,0,31,8,2,0,0,3,0,0,0,3,0,8,2,0,1,0,5,4,2,2,0,0,27,13,0,0,2,0,"ziegb001","Brad Ziegler","cahit001","Trevor Cahill","","(none)","hammj002","Jason Hammel","ray-r002","Robbie Ray",
"20160409","CHN","NL",5,"ARI","NL",6,4,2,54,"PHO01",32185,"300100000","000100100",35,10,4,0,0,4,0,1,1,5,1,10,0,0,2,0,11,3,2,2,1,0,27,12,0,0,0,0,30,4,1,0,0,1,1,0,0,1,0,7,2,0,0,0,3,4,4,4,0,0,27,10,1,0,2,0,"hendk001","Kyle Hendricks","greiz001","Zack Greinke","rondh001","Hector Rondon","hendk001","Kyle Hendricks","greiz001","Zack Greinke",
"20160410","CHN","NL",6,"ARI","NL",7,7,3,54,"PHO01",33258,"020101210","000210000",37,12,2,0,2,7,0,1,1,5,1,11,1,0,1,0,10,3,3,3,0,0,27,13,0,0,0,0,35,8,2,0,2,3,0,0,0,0,0,9,0,0,0,0,5,4,7,7,1,0,27,4,0,0,1,0,"arrij001","Jake Arrieta","mills001","Shelby Miller","","(none)","arrij001","Jake Arrieta","mills001","Shelby Miller",
"20160411","CIN","NL",7,"CHN","NL",7,3,5,51,"CHI11",40882,"101100000","00000023x",33,7,1,0,1,3,0,0,0,2,0,9,1,0,1,0,5,4,5,5,2,0,24,10,1,1,0,0,27,3,0,0,1,5,1,0,1,7,0,5,0,0,0,0,7,4,3,3,0,0,27,14,0,0,1,0,"warra001","Adam Warren","cingt001","Tony Cingrani","rondh001","Hector Rondon","finnb001","Brandon Finnegan","lestj001","Jon Lester",
"20160413","CIN","NL",8,"CHN","NL",8,2,9,51,"CHI11",36496,"100000100","50220000x",30,7,1,1,0,2,0,1,0,4,0,7,1,0,3,0,6,6,9,9,2,0,24,4,0,0,0,0,31,8,1,0,1,8,0,1,1,10,0,9,2,0,0,0,10,4,2,2,0,0,27,10,0,0,3,0,"lackj001","John Lackey","simoa001","Alfredo Simon","","(none)","simoa001","Alfredo Simon","lackj001","John Lackey",
"20160414","CIN","NL",9,"CHN","NL",9,1,8,51,"CHI11",34898,"000000001","01002005x",32,6,3,0,0,1,0,0,0,4,0,6,0,0,0,0,8,5,7,7,0,0,24,9,2,0,1,0,33,11,1,0,1,7,0,1,0,5,0,4,0,1,0,0,7,4,1,1,0,0,27,10,0,0,0,0,"hammj002","Jason Hammel","igler001","Raisel Iglesias","","(none)","igler001","Raisel Iglesias","hammj002","Jason Hammel",
"20160415","COL","NL",10,"CHN","NL",10,6,1,54,"CHI11",34437,"010002120","000000100",38,11,0,0,0,3,0,0,0,3,2,8,3,0,2,0,8,4,1,1,0,0,27,10,1,0,0,0,30,4,0,0,0,1,0,0,0,4,0,7,0,1,0,0,6,4,3,3,1,0,27,14,4,1,2,0,"bettc001","Chad Bettis","hendk001","Kyle Hendricks","","(none)","bettc001","Chad Bettis","hendk001","Kyle Hendricks",
"20160416","COL","NL",11,"CHN","NL",11,2,6,51,"CHI11",41702,"000000002","00020031x",31,7,2,0,1,2,0,0,0,1,0,9,1,1,1,0,3,3,6,6,0,0,24,5,1,0,1,0,30,8,1,0,3,6,0,1,0,5,0,10,2,0,1,0,6,3,2,2,0,0,27,11,0,0,2,0,"arrij001","Jake Arrieta","bergc001","Christian Bergman","","(none)","bergc001","Christian Bergman","arrij001","Jake Arrieta",
"20160417","COL","NL",12,"CHN","NL",12,2,0,54,"CHI11",41678,"000100001","000000000",30,5,0,0,2,2,0,0,0,2,0,14,1,2,1,0,3,3,0,0,0,0,27,8,0,0,0,0,30,3,2,0,0,0,0,0,1,1,0,9,0,0,0,0,5,3,2,2,0,0,27,9,1,0,1,0,"chatt001","Tyler Chatwood","lestj001","Jon Lester","mcgej001","Jake McGee","chatt001","Tyler Chatwood","lestj001","Jon Lester",
"20160418","CHN","NL",13,"SLN","NL",13,5,0,54,"STL10",45432,"000001310","000000000",34,9,2,0,1,4,0,1,1,1,0,6,0,0,2,0,5,4,0,0,1,0,27,9,0,0,0,0,32,5,2,0,0,0,0,0,0,2,0,14,0,0,0,0,7,2,4,4,0,0,27,9,1,0,2,0,"lackj001","John Lackey","leakm001","Mike Leake","","(none)","lackj001","John Lackey","leakm001","Mike Leake",
"20160419","CHN","NL",14,"SLN","NL",14,2,1,54,"STL10",43841,"000200000","010000000",32,5,1,0,0,2,0,0,0,6,1,13,0,0,0,0,9,5,1,1,1,0,27,11,0,0,1,0,32,7,1,1,0,1,0,0,1,3,1,11,1,1,0,0,8,5,2,2,0,0,27,8,0,0,0,0,"hammj002","Jason Hammel","garcj004","Jaime Garcia","rondh001","Hector Rondon","hammj002","Jason Hammel","garcj004","Jaime Garcia",
"20160420","CHN","NL",15,"SLN","NL",15,3,5,51,"STL10",43093,"000100020","22000001x",32,5,0,0,1,3,0,0,0,4,0,8,0,0,0,0,6,5,4,4,1,0,24,11,1,0,1,0,32,9,3,0,1,4,0,0,0,3,1,7,1,0,1,0,6,3,3,3,1,0,27,3,0,0,0,0,"martc006","Carlos Martinez","hendk001","Kyle Hendricks","roset001","Trevor Rosenthal","hendk001","Kyle Hendricks","martc006","Carlos Martinez",
"20160421","CHN","NL",16,"CIN","NL",16,16,0,54,"CIN09",16497,"220104403","000000000",46,18,3,0,5,15,0,0,0,6,0,7,0,0,0,0,9,1,0,0,0,0,27,12,0,0,1,0,25,0,0,0,0,0,0,0,0,4,0,6,0,0,1,0,2,4,13,13,0,0,27,10,1,1,0,0,"arrij001","Jake Arrieta","finnb001","Brandon Finnegan","","(none)","arrij001","Jake Arrieta","finnb001","Brandon Finnegan",
"20160422","CHN","NL",17,"CIN","NL",17,8,1,54,"CIN09",25940,"010300004","000001000",32,9,3,0,2,8,2,1,0,5,0,5,2,2,0,0,5,3,1,1,0,0,27,12,0,0,2,0,30,5,0,0,1,1,0,0,1,1,0,5,1,0,2,0,4,4,7,7,0,0,27,9,1,0,0,0,"lestj001","Jon Lester","moscj001","Jon Moscot","","(none)","lestj001","Jon Lester","moscj001","Jon Moscot",
"20160423","CHN","NL",18,"CIN","NL",18,5,13,51,"CIN09",41660,"010020200","00020722x",35,7,2,0,1,5,0,0,0,8,1,8,2,0,1,0,11,4,13,13,1,0,24,9,2,0,1,0,36,15,3,0,4,11,0,0,0,4,1,9,0,0,0,0,3,4,5,5,2,0,27,8,1,0,1,0,"woodb004","Blake Wood","lackj001","John Lackey","","(none)","lackj001","John Lackey","strad003","Dan Straily",
"20160424","CHN","NL",19,"CIN","NL",19,9,0,54,"CIN09",36220,"323001000","000000000",40,15,4,0,3,9,0,0,0,4,0,6,1,1,1,0,8,4,0,0,0,0,27,8,0,0,0,0,29,3,0,0,0,0,1,0,0,2,0,12,0,0,0,0,5,4,9,9,0,0,27,7,0,0,1,0,"hammj002","Jason Hammel","simoa001","Alfredo Simon","","(none)","hammj002","Jason Hammel","simoa001","Alfredo Simon",
"20160426","MIL","NL",20,"CHN","NL",20,3,4,51,"CHI11",35861,"010000020","00001210x",29,4,2,0,0,3,0,1,0,3,0,9,0,0,1,0,3,4,2,2,0,0,24,12,1,0,0,0,30,7,2,1,0,4,1,1,0,6,0,9,1,0,0,0,10,5,3,3,1,0,27,12,0,0,1,0,"warra001","Adam Warren","nelsj004","Jimmy Nelson","rondh001","Hector Rondon","nelsj004","Jimmy Nelson","hendk001","Kyle Hendricks",
"20160428","MIL","NL",21,"CHN","NL",21,2,7,51,"CHI11",32734,"000010001","21201100x",31,6,2,0,0,2,0,1,0,7,0,13,5,0,2,0,10,4,7,7,2,0,24,5,2,1,0,0,32,8,2,0,1,7,0,0,2,11,0,5,0,0,0,0,14,5,2,2,1,0,27,9,2,0,2,0,"arrij001","Jake Arrieta","jungt001","Taylor Jungmann","","(none)","jungt001","Taylor Jungmann","arrij001","Jake Arrieta",
"20160429","ATL","NL",23,"CHN","NL",22,1,6,51,"CHI11",34007,"000100000","00001005x",32,7,0,0,1,1,0,0,0,2,0,13,0,1,1,0,6,5,6,6,0,0,24,10,0,0,3,0,28,7,2,0,1,6,0,0,0,7,1,3,0,0,2,0,5,3,1,1,1,0,27,7,0,0,1,0,"strop001","Pedro Strop","johnj010","Jim Johnson","","(none)","blaia001","Aaron Blair","lestj001","Jon Lester",
"20160501","ATL","NL",24,"CHN","NL",23,4,3,60,"CHI11",40164,"0000120001","0000000210",31,5,2,0,0,3,1,2,0,4,1,4,1,0,1,0,4,5,2,2,0,0,30,7,1,0,0,0,36,6,1,0,0,3,0,0,1,3,0,12,2,0,0,0,7,4,3,3,1,0,30,15,1,0,1,0,"vizca001","Arodys Vizcaino","rondh001","Hector Rondon","grilj001","Jason Grilli","tehej001","Julio Teheran","lackj001","John Lackey",
"20160502","CHN","NL",24,"PIT","NL",26,7,2,54,"PIT08",18376,"002040100","100010000",37,11,4,0,0,5,0,1,2,5,0,9,3,1,0,0,11,5,2,2,0,0,27,13,0,0,1,0,32,7,1,0,1,2,0,0,1,3,0,9,0,1,1,0,7,4,6,6,1,0,27,4,2,0,0,0,"hammj002","Jason Hammel","coleg001","Gerrit Cole","","(none)","hammj002","Jason Hammel","coleg001","Gerrit Cole",
"20160503","CHN","NL",25,"PIT","NL",27,7,1,54,"PIT08",22195,"020400001","000000010",36,11,4,0,0,6,0,1,1,5,0,7,0,0,1,0,9,2,0,0,0,0,27,16,1,0,1,0,30,3,0,0,0,1,0,0,0,3,0,7,0,0,1,0,5,3,7,7,3,0,27,11,0,0,1,0,"arrij001","Jake Arrieta","niesj001","Jon Niese","","(none)","arrij001","Jake Arrieta","niesj001","Jon Niese",
"20160504","CHN","NL",26,"PIT","NL",28,6,2,54,"PIT08",28782,"003010101","000000200",37,13,2,0,2,6,1,0,0,5,0,4,0,1,0,0,10,4,2,2,0,0,27,8,0,0,0,0,37,11,1,0,1,2,0,0,0,2,0,8,0,0,0,0,10,5,6,6,0,0,27,14,0,0,0,0,"lestj001","Jon Lester","nicaj001","Juan Nicasio","","(none)","lestj001","Jon Lester","nicaj001","Juan Nicasio",
"20160505","WAS","NL",28,"CHN","NL",27,2,5,51,"CHI11",37564,"000000002","00020003x",28,3,1,0,1,2,0,0,2,4,0,6,0,0,1,0,5,4,5,5,0,0,24,6,0,0,0,0,31,8,3,0,1,5,0,0,2,2,1,11,0,0,0,0,6,6,2,2,0,0,27,14,0,0,1,0,"hendk001","Kyle Hendricks","rossj002","Joe Ross","","(none)","rossj002","Joe Ross","hendk001","Kyle Hendricks",
"20160506","WAS","NL",29,"CHN","NL",28,6,8,51,"CHI11",39206,"110000040","02203100x",35,9,2,0,2,6,0,0,1,2,0,15,0,0,0,0,5,4,8,8,1,0,24,10,0,2,2,0,30,9,2,1,4,8,1,0,0,5,0,8,0,0,2,0,4,4,6,6,0,0,27,7,0,0,1,0,"lackj001","John Lackey","schem001","Max Scherzer","rondh001","Hector Rondon","schem001","Max Scherzer","lackj001","John Lackey",
"20160507","WAS","NL",30,"CHN","NL",29,5,8,51,"CHI11",40471,"001021100","00110321x",29,6,2,1,0,5,2,1,0,6,1,8,1,0,0,0,6,5,8,8,0,0,24,8,0,0,0,0,32,11,2,1,1,8,3,0,1,7,2,6,0,0,0,0,11,7,5,5,1,0,27,12,1,0,1,0,"warra001","Adam Warren","solis001","Sammy Solis","rondh001","Hector Rondon","gonzg003","Gio Gonzalez","hammj002","Jason Hammel",
"20160508","WAS","NL",31,"CHN","NL",30,3,4,76,"CHI11",41233,"0011100000000","0001002000001",50,11,3,0,0,3,1,0,2,10,3,9,0,0,1,0,21,5,3,3,2,0,37,14,1,0,1,0,48,14,2,0,1,3,1,0,2,3,0,10,2,0,1,0,13,5,2,2,3,0,39,19,1,0,1,0,"woodt004","Travis Wood","treib001","Blake Treinen","","(none)","roart001","Tanner Roark","arrij001","Jake Arrieta",
"20160510","SDN","NL",33,"CHN","NL",31,7,8,51,"CHI11",34680,"000120040","01410020x",36,8,2,0,2,7,0,0,1,3,0,10,0,0,0,0,6,3,8,8,0,0,24,12,0,0,1,0,33,12,3,1,0,8,0,1,0,5,1,5,0,0,1,0,7,7,7,7,1,0,27,7,1,0,0,0,"lestj001","Jon Lester","vargc002","Cesar Vargas","rondh001","Hector Rondon","vargc002","Cesar Vargas","lestj001","Jon Lester",
"20160511","SDN","NL",34,"CHN","NL",32,7,4,54,"CHI11",34508,"200000410","110200000",35,10,0,0,1,5,1,1,1,6,1,10,1,0,1,0,10,5,4,4,0,0,27,8,2,0,0,0,35,9,3,0,0,4,1,0,1,6,2,5,0,1,0,0,12,4,6,6,1,0,27,13,3,0,1,0,"villc001","Carlos Villanueva","strop001","Pedro Strop","rodnf001","Fernando Rodney","rea-c001","Colin Rea","hendk001","Kyle Hendricks",
"20160511","SDN","NL",35,"CHN","NL",33,1,0,54,"CHI11",37828,"000010000","000000000",29,3,0,0,1,1,1,0,0,0,0,8,0,0,0,0,2,4,0,0,0,0,27,7,1,0,1,0,31,4,0,0,0,0,0,0,0,5,0,14,0,0,1,0,9,3,1,1,0,0,27,9,0,0,0,0,"pomed001","Drew Pomeranz","lackj001","John Lackey","rodnf001","Fernando Rodney","pomed001","Drew Pomeranz","lackj001","John Lackey",
"20160513","PIT","NL",34,"CHN","NL",34,4,9,51,"CHI11",37479,"000002002","00035001x",36,11,3,0,1,3,0,0,0,4,0,8,3,0,2,0,9,4,8,8,0,0,24,7,0,1,1,0,34,11,2,0,3,9,0,0,0,4,0,9,0,0,1,0,5,4,3,3,0,0,27,14,1,0,2,0,"hammj002","Jason Hammel","lirif001","Francisco Liriano","","(none)","lirif001","Francisco Liriano","hammj002","Jason Hammel",
"20160514","PIT","NL",35,"CHN","NL",35,2,8,51,"CHI11",40953,"000200000","00030302x",29,3,1,0,0,2,0,0,1,2,0,12,1,0,1,0,3,3,8,8,0,0,24,4,1,1,0,0,35,11,0,0,2,8,0,0,1,5,0,7,0,0,0,0,9,2,2,2,1,0,27,11,0,1,1,0,"arrij001","Jake Arrieta","lockj001","Jeff Locke","","(none)","lockj001","Jeff Locke","arrij001","Jake Arrieta",
"20160515","PIT","NL",36,"CHN","NL",36,2,1,54,"CHI11",40814,"000000101","000000001",32,5,1,0,1,2,0,0,0,6,1,12,1,0,0,0,9,2,1,1,0,0,27,8,0,0,0,0,30,4,2,0,0,1,0,1,0,1,0,7,1,0,0,0,4,6,2,2,0,0,27,10,0,0,0,0,"coleg001","Gerrit Cole","lestj001","Jon Lester","melam001","Mark Melancon","coleg001","Gerrit Cole","lestj001","Jon Lester",
"20160517","CHN","NL",37,"MIL","NL",39,2,4,51,"MIL06",24361,"000000002","00010300x",30,3,1,0,2,2,0,0,0,1,0,7,1,0,0,0,2,2,4,4,0,0,24,12,0,0,0,0,29,5,1,0,1,4,0,0,0,2,0,9,1,0,0,0,3,2,2,2,0,0,27,8,0,0,0,0,"andec001","Chase Anderson","hendk001","Kyle Hendricks","jeffj001","Jeremy Jeffress","hendk001","Kyle Hendricks","andec001","Chase Anderson",
"20160518","CHN","NL",38,"MIL","NL",40,2,1,78,"MIL06",31212,"0000000010001","0000100000000",44,10,2,0,0,2,0,0,3,8,3,9,1,2,3,0,14,8,1,1,2,0,39,12,1,0,0,0,42,6,3,0,0,1,0,0,0,8,0,14,2,3,0,0,10,6,2,2,1,0,39,18,1,0,3,0,"woodt004","Travis Wood","torrc001","Carlos Torres","richc002","Clayton Richard","lackj001","John Lackey","nelsj004","Jimmy Nelson",
"20160519","CHN","NL",39,"MIL","NL",41,3,5,51,"MIL06",38781,"110000100","01010201x",32,6,2,1,1,2,0,0,0,6,0,15,0,0,0,0,8,4,5,5,1,0,24,7,1,0,0,0,32,8,0,0,2,4,0,0,0,4,1,10,3,0,0,0,7,3,3,3,1,0,27,4,0,0,0,0,"guerj003","Junior Guerra","hammj002","Jason Hammel","thort001","Tyler Thornburg","hammj002","Jason Hammel","guerj003","Junior Guerra",
"20160520","CHN","NL",40,"SFN","NL",44,8,1,54,"SFO03",41750,"050000021","001000000",37,11,1,0,3,8,0,0,1,2,0,4,0,0,0,0,5,3,1,1,0,0,27,7,0,0,0,0,33,6,1,0,0,1,0,0,0,2,0,10,2,0,0,0,7,6,8,8,0,0,27,13,0,0,0,0,"arrij001","Jake Arrieta","peavj001","Jake Peavy","","(none)","arrij001","Jake Arrieta","peavj001","Jake Peavy",
"20160521","CHN","NL",41,"SFN","NL",45,3,5,51,"SFO03",41507,"001000011","02300000x",36,10,1,0,2,3,0,0,0,4,0,8,0,1,0,0,10,5,5,5,0,0,24,7,0,0,0,0,31,9,2,0,1,5,1,0,0,5,0,4,1,0,0,0,8,6,3,3,1,0,27,9,0,0,0,0,"cainm001","Matt Cain","lestj001","Jon Lester","garcj002","Santiago Casilla","lestj001","Jon Lester","cainm001","Matt Cain",
"20160522","CHN","NL",42,"SFN","NL",46,0,1,51,"SFO03",41359,"000000000","00001000x",30,3,0,0,0,0,0,0,1,2,0,8,0,0,0,0,6,3,1,1,0,0,24,7,0,0,0,0,28,4,2,0,0,1,0,0,0,4,0,5,0,0,0,0,7,3,0,0,0,0,27,12,0,0,0,0,"bumgm001","Madison Bumgarner","hendk001","Kyle Hendricks","garcj002","Santiago Casilla","hendk001","Kyle Hendricks","bumgm001","Madison Bumgarner",
"20160523","CHN","NL",43,"SLN","NL",45,3,4,53,"STL10",45008,"000210000","001000201",35,9,0,0,0,3,0,0,1,4,0,6,1,0,0,0,10,2,4,4,0,0,26,6,1,0,1,0,29,5,0,0,2,4,1,1,2,1,0,11,0,0,0,0,4,4,3,3,0,0,27,9,0,0,1,0,"roset001","Trevor Rosenthal","warra001","Adam Warren","","(none)","lackj001","John Lackey","waina001","Adam Wainwright",
"20160524","CHN","NL",44,"SLN","NL",46,12,3,54,"STL10",44588,"600020004","000000012",41,15,4,1,1,12,0,0,1,6,0,10,1,0,1,0,9,4,2,2,1,0,27,10,1,0,2,0,32,7,3,0,0,3,0,1,1,3,0,5,0,0,2,0,7,3,12,12,0,0,27,10,2,0,2,0,"hammj002","Jason Hammel","wachm001","Michael Wacha","","(none)","hammj002","Jason Hammel","wachm001","Michael Wacha",
"20160525","CHN","NL",45,"SLN","NL",47,9,8,54,"STL10",45565,"060003000","110203100",36,10,1,0,1,9,0,0,1,6,0,12,0,0,2,0,7,6,8,8,1,0,27,10,1,0,0,0,41,13,1,0,3,8,0,0,1,2,0,7,0,0,0,0,9,5,9,9,1,0,27,11,1,0,2,0,"arrij001","Jake Arrieta","martc006","Carlos Martinez","rondh001","Hector Rondon","arrij001","Jake Arrieta","martc006","Carlos Martinez",
"20160527","PHI","NL",48,"CHN","NL",46,2,6,51,"CHI11",38941,"001000100","10041000x",35,10,1,0,0,2,0,1,0,2,0,10,0,0,2,0,9,4,6,6,1,0,24,9,1,0,1,0,33,10,1,1,3,6,0,0,0,2,0,9,0,0,1,0,5,4,1,1,0,0,27,9,2,0,2,0,"lestj001","Jon Lester","morga001","Adam Morgan","","(none)","morga001","Adam Morgan","lestj001","Jon Lester",
"20160528","PHI","NL",49,"CHN","NL",47,1,4,51,"CHI11",41555,"000000001","21000100x",31,5,2,0,0,0,0,0,1,0,0,7,0,0,0,0,4,3,4,4,0,0,24,9,0,0,0,0,30,8,3,0,1,4,0,0,1,1,0,9,0,1,0,0,4,1,1,1,0,0,27,13,0,0,0,0,"hendk001","Kyle Hendricks","eickj001","Jerad Eickhoff","","(none)","eickj001","Jerad Eickhoff","hendk001","Kyle Hendricks",
"20160529","PHI","NL",50,"CHN","NL",48,2,7,51,"CHI11",41575,"000000101","11302000x",31,6,1,0,2,2,0,0,0,4,0,7,0,0,2,0,6,5,7,7,1,0,24,9,1,0,2,0,32,10,0,0,2,7,0,0,0,6,0,10,0,0,2,0,7,4,2,2,2,0,27,11,0,0,2,0,"lackj001","John Lackey","velav001","Vincent Velasquez","","(none)","velav001","Vincent Velasquez","lackj001","John Lackey",
"20160530","LAN","NL",52,"CHN","NL",49,0,2,51,"CHI11",41470,"000000000","00002000x",28,1,0,0,0,0,0,0,0,1,0,11,0,0,0,0,2,5,2,2,0,0,24,6,1,0,1,0,30,8,1,0,0,2,0,0,1,3,0,9,0,1,1,0,8,5,0,0,0,0,27,8,0,0,0,0,"woodt004","Travis Wood","wooda002","Alex Wood","rondh001","Hector Rondon","wooda002","Alex Wood","hammj002","Jason Hammel",
"20160531","LAN","NL",53,"CHN","NL",50,5,0,54,"CHI11",34681,"000000023","000000000",34,8,0,0,1,5,0,1,0,5,0,9,1,0,1,0,8,3,0,0,0,0,27,5,0,0,0,0,27,1,0,0,0,0,0,0,1,1,0,11,1,1,0,0,2,4,5,5,1,0,27,12,2,0,1,0,"blanj001","Joe Blanton","richc002","Clayton Richard","","(none)","kazms001","Scott Kazmir","arrij001","Jake Arrieta",
"20160601","LAN","NL",54,"CHN","NL",51,1,2,51,"CHI11",36426,"100000000","00200000x",31,4,1,0,1,1,0,0,0,0,0,10,0,0,0,0,3,3,2,2,0,0,24,5,0,0,0,0,26,3,0,0,1,2,0,0,2,2,0,11,1,1,0,0,4,1,1,1,0,0,27,12,0,0,0,0,"lestj001","Jon Lester","bolsm001","Mike Bolsinger","","(none)","bolsm001","Mike Bolsinger","lestj001","Jon Lester",
"20160602","LAN","NL",55,"CHN","NL",52,2,7,51,"CHI11",37422,"000011000","02022001x",25,3,0,0,1,2,1,1,1,2,0,6,0,0,2,0,1,4,6,6,0,0,24,7,1,0,1,0,33,10,0,0,4,7,0,0,0,3,0,11,0,0,1,0,5,2,2,2,1,0,27,15,0,0,3,0,"hendk001","Kyle Hendricks","uriaj001","Julio Urias","","(none)","uriaj001","Julio Urias","hendk001","Kyle Hendricks",
"20160603","ARI","NL",57,"CHN","NL",53,0,6,51,"CHI11",38813,"000000000","00000105x",31,6,1,0,0,0,0,0,0,2,0,12,0,0,1,0,6,4,5,5,1,0,24,8,2,0,1,0,30,7,5,0,0,5,0,0,2,6,3,13,0,0,1,0,8,4,0,0,0,0,27,7,0,0,1,0,"lackj001","John Lackey","brada001","Archie Bradley","","(none)","brada001","Archie Bradley","lackj001","John Lackey",
"20160604","ARI","NL",58,"CHN","NL",54,3,5,51,"CHI11",40415,"200000010","10030001x",31,4,0,0,2,3,0,0,0,3,0,7,0,0,0,0,4,4,5,5,1,0,24,8,1,0,0,0,32,7,1,0,2,5,0,0,0,3,1,6,0,0,0,0,6,5,3,3,0,0,27,7,0,0,0,0,"hammj002","Jason Hammel","escoe002","Edwin Escobar","rondh001","Hector Rondon","escoe002","Edwin Escobar","hammj002","Jason Hammel",
"20160605","ARI","NL",59,"CHN","NL",55,3,2,54,"CHI11",41596,"020010000","010001000",34,10,1,0,0,3,1,0,0,5,1,18,2,1,0,0,10,3,2,2,0,0,27,16,0,0,0,0,31,5,1,0,1,2,1,0,1,2,0,6,0,0,0,0,6,5,3,3,0,0,27,10,0,0,0,0,"corbp001","Patrick Corbin","arrij001","Jake Arrieta","ziegb001","Brad Ziegler","corbp001","Patrick Corbin","arrij001","Jake Arrieta",
"20160606","CHN","NL",56,"PHI","NL",58,6,4,54,"PHI13",22162,"100200201","000000004",40,13,4,0,1,6,1,0,2,0,0,8,0,0,0,0,10,3,4,4,0,0,27,10,0,0,2,0,34,9,0,0,2,4,0,0,0,0,0,10,0,1,1,0,3,4,6,6,0,1,27,8,0,0,0,0,"lestj001","Jon Lester","morga001","Adam Morgan","rondh001","Hector Rondon","lestj001","Jon Lester","morga001","Adam Morgan",
"20160607","CHN","NL",57,"PHI","NL",59,2,3,51,"PHI13",27381,"000010010","10010010x",31,6,0,0,0,1,0,1,0,2,0,9,0,0,2,0,5,5,3,3,0,0,24,8,0,0,0,0,30,6,1,0,1,3,0,0,0,4,1,8,3,0,0,0,7,3,1,1,0,0,27,10,1,0,2,0,"eickj001","Jerad Eickhoff","hendk001","Kyle Hendricks","gomej002","Jeanmar Gomez","hendk001","Kyle Hendricks","eickj001","Jerad Eickhoff",
"20160608","CHN","NL",58,"PHI","NL",60,8,1,54,"PHI13",28650,"000013040","000000001",37,13,2,0,2,8,1,0,0,2,0,7,1,0,2,0,5,3,0,0,0,0,27,7,0,1,1,0,29,3,0,0,0,1,0,0,0,1,0,11,0,0,0,0,2,5,7,7,1,0,27,15,1,0,2,0,"lackj001","John Lackey","oberb001","Brett Oberholtzer","","(none)","lackj001","John Lackey","velav001","Vincent Velasquez",
"20160610","CHN","NL",59,"ATL","NL",60,1,5,51,"ATL02",30547,"001000000","02010002x",30,4,2,0,0,1,0,0,0,0,0,9,0,0,1,0,2,5,5,5,0,0,24,8,1,0,1,0,32,12,0,0,2,5,2,2,1,3,0,5,1,0,0,0,11,3,1,1,1,0,27,13,0,0,1,0,"norrb001","Bud Norris","hammj002","Jason Hammel","","(none)","hammj002","Jason Hammel","norrb001","Bud Norris",
"20160611","CHN","NL",60,"ATL","NL",61,8,2,54,"ATL02",43114,"100421000","000100100",40,13,3,0,4,8,0,0,0,1,1,10,0,0,0,0,6,3,2,2,0,0,27,14,3,0,1,0,34,5,1,1,0,2,0,0,1,2,0,4,1,0,1,0,8,5,8,8,1,0,27,4,0,0,0,0,"arrij001","Jake Arrieta","wislm001","Matt Wisler","","(none)","arrij001","Jake Arrieta","wislm001","Matt Wisler",
"20160612","CHN","NL",61,"ATL","NL",62,13,2,54,"ATL02",31625,"100201360","100000010",41,16,5,0,1,12,1,0,0,8,1,10,0,0,0,0,10,3,1,1,0,0,27,12,4,0,0,0,35,7,2,0,0,1,0,0,0,1,0,8,2,0,0,0,7,6,12,12,0,0,27,11,1,0,1,0,"lestj001","Jon Lester","gantj002","John Gant","","(none)","lestj001","Jon Lester","gantj002","John Gant",
"20160613","CHN","NL",62,"WAS","NL",64,1,4,51,"WAS11",37187,"000001000","00100300x",29,2,1,0,1,1,0,0,0,0,0,16,0,0,0,0,1,3,3,3,0,0,24,10,2,0,0,0,34,10,1,0,1,3,1,0,0,5,2,5,3,0,0,0,12,3,1,1,0,0,27,6,0,0,0,0,"schem001","Max Scherzer","hendk001","Kyle Hendricks","kells001","Shawn Kelley","hendk001","Kyle Hendricks","schem001","Max Scherzer",
"20160614","CHN","NL",63,"WAS","NL",65,4,3,54,"WAS11",41955,"002100001","001000110",31,7,3,0,0,4,2,0,0,5,1,12,1,0,1,0,7,4,3,3,0,0,27,5,0,0,0,0,29,5,1,0,0,3,0,3,2,3,0,10,0,0,0,0,7,3,4,4,0,0,27,9,0,0,1,0,"rondh001","Hector Rondon","solis001","Sammy Solis","","(none)","lackj001","John Lackey","gonzg003","Gio Gonzalez",
"20160615","CHN","NL",64,"WAS","NL",66,4,5,71,"WAS11",42000,"100000002001","100000011002",42,11,3,0,2,4,0,0,1,3,0,11,0,1,3,0,6,7,5,5,2,0,35,15,0,0,1,0,42,9,1,0,1,4,0,0,1,4,0,10,2,0,1,0,7,6,4,4,1,0,36,13,0,0,4,0,"petiy001","Yusmeiro Petit","cahit001","Trevor Cahill","","(none)","hammj002","Jason Hammel","stras001","Stephen Strasburg",
"20160617","PIT","NL",67,"CHN","NL",65,0,6,51,"CHI11",41547,"000000000","20000310x",29,3,0,0,0,0,0,0,1,4,0,13,0,0,1,0,7,4,6,6,2,0,24,11,0,1,1,0,31,9,3,0,1,6,0,0,2,11,1,6,0,0,0,0,14,4,0,0,2,0,27,9,0,0,1,0,"arrij001","Jake Arrieta","lirif001","Francisco Liriano","","(none)","lirif001","Francisco Liriano","arrij001","Jake Arrieta",
"20160618","PIT","NL",68,"CHN","NL",66,3,4,51,"CHI11",41424,"101100000","01011100x",33,8,2,0,1,3,0,0,1,3,0,10,1,1,1,0,7,4,4,4,1,0,24,12,0,0,1,0,28,6,2,0,3,4,1,0,1,7,2,6,1,0,1,0,9,4,3,3,0,0,27,11,0,0,1,0,"lestj001","Jon Lester","niesj001","Jon Niese","rondh001","Hector Rondon","niesj001","Jon Niese","lestj001","Jon Lester",
"20160619","PIT","NL",69,"CHN","NL",67,5,10,51,"CHI11",41024,"000100301","11200240x",41,13,2,1,1,5,0,0,0,1,0,14,2,0,0,0,10,4,10,10,0,1,24,6,0,0,1,0,37,14,0,0,5,10,0,0,0,2,0,9,0,0,1,0,5,5,5,5,0,0,27,8,1,0,0,0,"hendk001","Kyle Hendricks","tailj001","Jameson Taillon","","(none)","tailj001","Jameson Taillon","hendk001","Kyle Hendricks",
"20160620","SLN","NL",69,"CHN","NL",68,3,2,54,"CHI11",41166,"021000000","002000000",32,8,1,0,2,3,1,0,1,5,0,10,0,1,0,0,9,3,2,2,1,0,27,7,0,0,1,0,34,9,2,0,0,2,0,0,2,2,0,8,0,0,1,0,9,5,3,3,0,0,27,7,0,0,0,0,"garcj004","Jaime Garcia","lackj001","John Lackey","roset001","Trevor Rosenthal","garcj004","Jaime Garcia","lackj001","John Lackey",
"20160621","SLN","NL",70,"CHN","NL",69,4,3,54,"CHI11",41616,"013000000","101100000",32,6,1,0,2,4,0,0,2,1,0,7,0,0,1,0,4,4,3,3,0,0,27,10,0,0,3,0,30,7,2,0,0,2,0,1,0,6,0,6,0,0,3,0,7,4,4,4,0,0,27,8,0,0,1,0,"waina001","Adam Wainwright","hammj002","Jason Hammel","roset001","Trevor Rosenthal","waina001","Adam Wainwright","hammj002","Jason Hammel",
"20160622","SLN","NL",71,"CHN","NL",70,7,2,54,"CHI11",41058,"000025000","000000200",38,9,4,0,1,6,0,0,0,5,0,12,0,0,0,0,9,4,2,2,0,0,27,12,0,0,2,0,28,3,1,0,1,2,0,0,0,3,0,5,0,0,1,0,2,4,6,6,1,0,27,4,1,0,0,0,"wachm001","Michael Wacha","arrij001","Jake Arrieta","","(none)","wachm001","Michael Wacha","arrij001","Jake Arrieta",
"20160623","CHN","NL",71,"MIA","NL",73,2,4,51,"MIA02",25291,"000100010","00010102x",33,7,1,0,1,2,0,1,0,3,1,11,0,0,0,0,8,2,4,4,1,0,24,7,0,0,0,0,30,7,1,0,2,4,0,0,0,4,0,8,2,1,0,0,6,3,2,2,0,1,27,8,1,0,0,0,"barrk002","Kyle Barraclough","strop001","Pedro Strop","pheld001","David Phelps","lestj001","Jon Lester","chenw001","Wei-Yin Chen",
"20160624","CHN","NL",72,"MIA","NL",74,5,4,54,"MIA02",24385,"400000100","400000000",32,8,0,1,2,5,2,0,3,4,0,11,0,0,1,0,9,4,0,0,1,0,27,8,2,0,0,0,30,2,0,0,1,4,0,0,1,5,0,8,0,0,0,0,5,4,5,5,0,0,27,7,0,1,1,0,"cahit001","Trevor Cahill","dunnm002","Michael Dunn","rondh001","Hector Rondon","hendk001","Kyle Hendricks","koeht001","Tom Koehler",
"20160625","CHN","NL",73,"MIA","NL",75,6,9,51,"MIA02",29457,"013000011","10024020x",33,8,4,0,2,5,0,0,2,8,0,8,0,0,2,0,10,5,8,8,0,0,24,9,2,0,1,0,32,10,3,0,1,9,0,2,0,3,0,7,1,0,1,0,4,5,6,6,0,0,27,14,0,0,2,0,"clemp002","Paul Clemens","lackj001","John Lackey","ramoa001","A.J. Ramos","lackj001","John Lackey","clemp002","Paul Clemens",
"20160626","CHN","NL",74,"MIA","NL",76,1,6,51,"MIA02",27318,"001000000","01000113x",30,5,0,0,0,1,0,1,0,3,0,15,0,1,0,0,6,5,5,5,1,0,24,9,1,0,0,0,34,9,4,0,0,6,0,0,2,3,0,5,0,0,0,0,9,3,1,1,0,0,27,5,0,0,0,0,"fernj003","Jose Fernandez","hammj002","Jason Hammel","","(none)","hammj002","Jason Hammel","fernj003","Jose Fernandez",
"20160627","CHN","NL",75,"CIN","NL",77,11,8,54,"CIN09",31762,"201410021","201021101",42,17,4,0,5,11,0,1,0,3,0,7,0,0,1,0,8,6,8,8,2,0,27,9,1,0,0,0,34,8,3,0,2,7,1,0,0,6,0,6,4,0,0,0,6,5,10,10,0,0,27,7,1,0,1,0,"arrij001","Jake Arrieta","strad003","Dan Straily","","(none)","arrij001","Jake Arrieta","strad003","Dan Straily",
"20160628","CHN","NL",76,"CIN","NL",78,7,2,90,"CIN09",35999,"100010000000005","000000011000000",54,9,2,0,2,7,0,0,0,7,1,13,0,0,1,0,9,8,2,2,0,0,45,13,1,0,2,0,51,8,0,0,1,2,0,0,2,1,0,13,1,0,1,0,7,6,7,7,0,1,45,17,1,0,1,0,"patts002","Spencer Patton","hoovj002","J.J. Hoover","","(none)","lestj001","Jon Lester","lambj002","John Lamb",
"20160629","CHN","NL",77,"CIN","NL",79,9,2,54,"CIN09",37188,"302200200","000200000",37,12,2,0,3,9,1,0,1,5,1,11,1,0,1,0,8,3,2,2,0,0,27,9,0,0,1,0,33,9,2,0,1,2,0,0,0,5,0,7,0,1,1,0,9,4,8,8,1,0,27,11,0,1,1,0,"hendk001","Kyle Hendricks","reedc002","Cody Reed","","(none)","hendk001","Kyle Hendricks","reedc002","Cody Reed",
"20160630","CHN","NL",78,"NYN","NL",78,3,4,51,"NYC20",40122,"200001000","00000130x",35,9,3,0,2,3,0,0,0,6,1,12,0,1,0,0,11,4,3,3,0,0,24,3,1,0,0,0,31,6,1,0,1,3,0,0,0,3,0,7,0,0,0,0,6,5,3,3,1,0,27,10,0,0,0,0,"goede001","Erik Goeddel","peraj002","Joel Peralta","famij001","Jeurys Familia","lackj001","John Lackey","matzs001","Steven Matz",
"20160701","CHN","NL",79,"NYN","NL",79,2,10,51,"NYC20",34294,"000100100","02233000x",32,6,1,0,1,2,0,1,1,2,0,12,1,0,0,0,7,3,10,10,0,0,24,8,0,0,0,0,35,12,1,0,5,10,1,0,0,4,0,6,0,0,0,0,6,4,1,1,0,1,27,9,0,1,0,0,"degrj001","Jacob deGrom","hammj002","Jason Hammel","","(none)","hammj002","Jason Hammel","degrj001","Jacob deGrom",
"20160702","CHN","NL",80,"NYN","NL",80,3,4,51,"NYC20",41151,"000200100","20020000x",33,6,0,0,2,3,0,0,0,4,0,11,0,0,1,0,7,3,4,4,0,0,24,11,0,0,1,0,31,8,1,0,1,4,0,0,0,2,0,7,0,0,1,0,5,5,3,3,1,0,27,8,1,0,1,0,"colob001","Bartolo Colon","arrij001","Jake Arrieta","famij001","Jeurys Familia","arrij001","Jake Arrieta","colob001","Bartolo Colon",
"20160703","CHN","NL",81,"NYN","NL",81,3,14,51,"NYC20",36137,"100000002","17012021x",37,11,2,0,1,2,0,0,1,0,0,9,0,0,1,0,8,4,14,14,1,0,24,5,0,0,0,0,46,22,3,0,5,14,0,0,2,4,0,8,0,0,0,0,14,3,2,2,1,0,27,8,1,0,1,0,"syndn001","Noah Syndergaard","lestj001","Jon Lester","","(none)","lestj001","Jon Lester","syndn001","Noah Syndergaard",
"20160704","CIN","NL",84,"CHN","NL",82,4,10,51,"CHI11",41293,"000001300","33020200x",35,9,1,0,2,4,0,1,0,1,0,4,0,0,1,0,6,4,6,6,0,0,24,9,2,0,0,0,38,12,1,0,3,8,0,0,2,6,1,7,0,0,0,0,12,5,3,3,0,0,27,12,1,0,1,0,"hendk001","Kyle Hendricks","reedc002","Cody Reed","","(none)","reedc002","Cody Reed","hendk001","Kyle Hendricks",
"20160705","CIN","NL",85,"CHN","NL",83,9,5,54,"CHI11",41310,"221100102","004010000",34,10,4,0,2,8,1,1,0,7,0,6,3,0,0,0,7,3,5,5,0,0,27,9,0,0,0,0,34,7,1,0,4,5,0,0,1,5,0,7,0,0,0,0,8,4,8,8,0,0,27,9,2,1,0,0,"finnb001","Brandon Finnegan","lackj001","John Lackey","","(none)","finnb001","Brandon Finnegan","lackj001","John Lackey",
"20160706","CIN","NL",86,"CHN","NL",84,5,3,54,"CHI11",41262,"100000310","020010000",34,8,0,0,2,4,0,0,0,3,0,11,4,1,0,0,5,3,3,3,0,0,27,8,0,0,2,0,32,8,1,0,1,3,1,0,0,2,0,9,0,0,2,0,5,4,5,5,1,0,27,6,0,0,0,0,"desca001","Anthony DeSclafani","cahit001","Trevor Cahill","cingt001","Tony Cingrani","desca001","Anthony DeSclafani","warra001","Adam Warren",
"20160707","ATL","NL",86,"CHN","NL",85,4,3,66,"CHI11",41480,"20000000101","00000003000",40,6,1,0,2,4,0,0,0,4,0,15,1,0,0,0,7,5,3,3,0,0,33,12,0,0,3,0,38,8,1,1,0,3,0,0,3,3,0,9,1,0,2,0,8,6,4,4,0,0,33,11,0,1,0,0,"alvad001","Dario Alvarez","patts002","Spencer Patton","cabrm003","Mauricio Cabrera","harrl002","Lucas Harrell","hammj002","Jason Hammel",
"20160708","CHN","NL",86,"PIT","NL",87,4,8,51,"PIT08",35904,"000102100","03000041x",32,6,1,1,2,4,0,0,2,6,0,8,1,0,3,0,9,4,7,7,2,0,24,11,2,0,0,0,35,10,1,0,2,6,0,0,1,5,0,7,2,0,0,0,9,6,3,2,0,0,27,9,2,0,3,0,"felin001","Neftali Feliz","arrij001","Jake Arrieta","melam001","Mark Melancon","arrij001","Jake Arrieta","lirif001","Francisco Liriano",
"20160709","CHN","NL",87,"PIT","NL",88,6,12,51,"PIT08",37796,"202101000","03225000x",39,14,5,1,1,5,1,0,0,4,0,10,0,0,1,0,11,5,12,12,0,0,24,7,1,0,1,0,31,9,0,0,4,11,0,1,1,6,1,12,1,0,1,0,3,5,6,6,0,0,27,9,0,0,1,0,"camia001","Arquimedes Caminero","warra001","Adam Warren","hughj001","Jared Hughes","lestj001","Jon Lester","kuhlc001","Chad Kuhl",
"20160710","CHN","NL",88,"PIT","NL",89,6,5,54,"PIT08",37998,"201200010","031000100",40,15,4,0,1,6,0,0,0,2,0,6,0,1,0,0,9,4,5,5,1,0,27,6,2,0,1,0,33,7,1,0,2,5,0,1,1,2,0,11,2,0,0,0,5,6,6,6,0,0,27,10,0,0,0,0,"strop001","Pedro Strop","watst001","Tony Watson","rondh001","Hector Rondon","lackj001","John Lackey","niesj001","Jon Niese",
"20160715","TEX","AL",91,"CHN","NL",89,0,6,51,"CHI11",41482,"000000000","01000500x",31,5,0,0,0,0,0,0,1,2,0,6,0,1,0,0,7,3,5,5,0,0,24,12,2,0,1,0,31,7,2,0,0,5,1,0,0,5,0,3,0,0,1,0,7,5,0,0,1,0,27,14,0,1,0,0,"hendk001","Kyle Hendricks","perem004","Martin Perez","","(none)","perem004","Martin Perez","hendk001","Kyle Hendricks",
"20160716","TEX","AL",92,"CHN","NL",90,1,3,51,"CHI11",41346,"010000000","00200100x",28,3,1,0,0,1,0,0,0,2,0,9,1,0,1,0,2,5,3,3,0,0,24,6,1,0,0,0,29,4,1,0,0,3,0,0,0,6,0,12,1,0,0,0,8,4,1,1,0,0,27,11,0,0,1,0,"hammj002","Jason Hammel","darvy001","Yu Darvish","rondh001","Hector Rondon","darvy001","Yu Darvish","hammj002","Jason Hammel",
"20160717","TEX","AL",93,"CHN","NL",91,4,1,54,"CHI11",41213,"020100010","001000000",32,6,1,0,1,4,0,1,0,2,0,9,0,0,0,0,4,2,0,0,0,0,27,4,1,0,1,0,31,4,1,0,0,1,0,0,0,0,0,10,1,0,0,0,3,2,4,4,0,0,27,9,0,0,0,0,"hamec001","Cole Hamels","lackj001","John Lackey","dysos001","Sam Dyson","hamec001","Cole Hamels","lackj001","John Lackey",
"20160718","NYN","NL",92,"CHN","NL",92,1,5,51,"CHI11",41353,"000000100","00300101x",30,6,0,0,1,1,1,0,1,3,0,4,0,0,2,0,7,3,5,5,0,0,24,6,1,0,0,0,31,10,3,0,1,5,1,1,1,1,0,8,2,0,0,0,6,4,1,1,0,0,27,13,0,0,2,0,"lestj001","Jon Lester","matzs001","Steven Matz","rondh001","Hector Rondon","matzs001","Steven Matz","lestj001","Jon Lester",
"20160719","NYN","NL",93,"CHN","NL",93,2,1,54,"CHI11",41456,"000001001","001000000",34,8,0,1,0,2,0,1,0,1,0,10,0,0,0,0,7,4,0,0,2,0,27,12,1,0,1,0,34,9,3,0,0,0,0,0,0,4,0,9,1,0,1,0,10,3,2,2,0,0,27,9,0,0,0,0,"roblh001","Hansel Robles","rondh001","Hector Rondon","famij001","Jeurys Familia","syndn001","Noah Syndergaard","arrij001","Jake Arrieta",
"20160720","NYN","NL",94,"CHN","NL",94,2,6,51,"CHI11",41210,"000000020","20103000x",33,9,2,0,1,2,0,0,0,2,0,8,0,0,2,0,6,4,6,6,0,0,24,8,0,0,0,0,34,11,2,0,2,6,1,0,1,2,0,6,1,0,0,0,8,4,2,2,1,0,27,10,0,0,2,0,"hendk001","Kyle Hendricks","colob001","Bartolo Colon","","(none)","colob001","Bartolo Colon","hendk001","Kyle Hendricks",
"20160722","CHN","NL",95,"MIL","NL",94,5,2,54,"MIL06",42243,"130000010","000110000",33,8,2,1,1,5,0,1,1,4,0,6,1,1,1,0,7,6,2,2,0,0,27,8,1,0,0,0,30,4,2,0,1,2,1,0,0,4,0,10,2,0,0,0,6,4,3,3,0,0,27,12,2,0,1,0,"hammj002","Jason Hammel","nelsj004","Jimmy Nelson","rondh001","Hector Rondon","hammj002","Jason Hammel","nelsj004","Jimmy Nelson",
"20160723","CHN","NL",96,"MIL","NL",95,1,6,51,"MIL06",44643,"000000100","20010003x",32,6,1,0,0,1,0,0,0,2,0,7,1,0,1,0,6,4,6,6,0,0,24,12,1,0,1,0,29,8,1,0,3,6,1,0,1,3,0,6,2,1,0,0,4,4,1,1,0,0,27,7,0,0,1,0,"daviz001","Zach Davies","lackj001","John Lackey","","(none)","lackj001","John Lackey","daviz001","Zach Davies",
"20160724","CHN","NL",97,"MIL","NL",96,6,5,54,"MIL06",43310,"000001500","200020001",33,11,2,0,0,6,0,0,0,6,1,4,0,3,3,0,6,7,5,5,1,0,27,8,0,1,0,0,35,8,2,1,1,5,0,1,0,8,1,16,6,1,0,0,12,4,4,4,0,0,27,16,2,0,4,0,"nathj001","Joe Nathan","smitw002","Will Smith","rondh001","Hector Rondon","lestj001","Jon Lester","guerj003","Junior Guerra",
"20160725","CHN","NL",98,"CHA","AL",99,4,5,52,"CHI12",39510,"000000202","001003001",38,12,3,0,1,4,0,0,0,4,0,10,1,0,0,0,11,4,5,5,1,0,25,11,0,0,0,0,32,8,2,0,1,5,1,0,0,3,0,9,0,0,0,0,6,4,4,4,0,0,27,9,2,0,0,0,"jennd003","Dan Jennings","montm002","Mike Montgomery","","(none)","arrij001","Jake Arrieta","gonzm003","Miguel Gonzalez",
"20160726","CHN","NL",99,"CHA","AL",100,0,3,51,"CHI12",39553,"000000000","10001100x",30,4,0,0,0,0,0,0,0,4,0,6,0,0,1,1,8,4,3,3,0,0,24,10,0,0,1,0,29,6,0,0,1,3,0,0,0,5,0,8,1,0,1,0,7,3,0,0,0,0,27,7,1,0,1,0,"shiej002","James Shields","hendk001","Kyle Hendricks","robed002","David Robertson","hendk001","Kyle Hendricks","shiej002","James Shields",
"20160727","CHA","AL",101,"CHN","NL",100,1,8,51,"CHI11",41166,"000010000","00000125x",31,5,1,0,1,1,0,0,0,2,0,9,1,0,1,0,5,4,8,8,0,0,24,9,0,0,0,0,30,6,1,0,3,8,0,0,1,6,0,4,0,0,0,0,5,3,1,1,0,0,27,9,0,0,1,0,"hammj002","Jason Hammel","ranaa001","Anthony Ranaudo","","(none)","ranaa001","Anthony Ranaudo","hammj002","Jason Hammel",
"20160728","CHA","AL",102,"CHN","NL",101,1,3,51,"CHI11",41157,"100000000","10100001x",31,5,2,0,0,1,0,0,0,2,0,9,0,0,1,0,5,4,2,2,0,0,24,10,1,0,1,0,30,7,3,0,0,3,0,0,1,4,1,5,0,0,1,0,8,4,1,1,0,0,27,11,0,0,1,0,"lackj001","John Lackey","salec001","Chris Sale","chapa001","Aroldis Chapman","salec001","Chris Sale","lackj001","John Lackey",
"20160729","SEA","AL",101,"CHN","NL",102,1,12,51,"CHI11",40951,"000000001","03200610x",35,8,1,0,0,1,0,0,0,4,0,9,2,0,0,0,11,5,12,12,0,0,24,10,0,0,1,0,35,14,3,0,2,11,1,1,0,6,0,5,2,0,1,0,7,3,1,1,0,0,27,6,0,0,0,0,"lestj001","Jon Lester","iwakh001","Hisashi Iwakuma","","(none)","iwakh001","Hisashi Iwakuma","lestj001","Jon Lester",
"20160730","SEA","AL",102,"CHN","NL",103,4,1,54,"CHI11",41401,"000000031","000000100",32,5,2,0,0,2,1,0,0,4,1,5,1,0,1,0,6,3,1,1,1,0,27,8,1,0,0,0,29,3,0,0,0,1,1,0,0,2,0,14,0,1,0,0,4,4,3,3,3,0,27,17,1,0,1,0,"milew001","Wade Miley","arrij001","Jake Arrieta","cishs001","Steve Cishek","milew001","Wade Miley","arrij001","Jake Arrieta",
"20160731","SEA","AL",103,"CHN","NL",104,6,7,70,"CHI11",40952,"222000000000","000020103001",45,11,2,0,3,6,1,0,1,4,0,14,0,1,0,0,9,6,7,7,1,0,34,9,1,0,0,0,44,9,2,1,0,6,1,0,2,6,0,16,1,0,0,0,12,8,6,6,1,0,36,15,0,0,0,0,"rondh001","Hector Rondon","martc008","Cody Martin","","(none)","hernf002","Felix Hernandez","matub001","Brian Matusz",
"20160801","MIA","NL",106,"CHN","NL",105,0,5,51,"CHI11",40937,"000000000","20002100x",30,7,1,0,0,0,0,0,0,3,1,5,0,1,1,0,6,3,5,5,0,0,24,4,0,0,1,0,31,10,3,1,0,5,0,2,1,7,1,7,1,0,1,0,12,1,0,0,0,0,27,15,1,0,2,0,"hendk001","Kyle Hendricks","conla001","Adam Conley","","(none)","conla001","Adam Conley","hendk001","Kyle Hendricks",
"20160802","MIA","NL",107,"CHN","NL",106,2,3,51,"CHI11",40419,"000000200","10101000x",35,9,0,0,0,2,0,0,0,2,0,7,0,0,1,0,8,4,3,3,0,1,24,7,0,0,1,0,31,9,0,1,0,2,0,0,1,3,0,10,1,0,1,0,8,5,1,1,0,0,27,12,1,0,1,0,"hammj002","Jason Hammel","fernj003","Jose Fernandez","chapa001","Aroldis Chapman","fernj003","Jose Fernandez","hammj002","Jason Hammel",
"20160803","MIA","NL",108,"CHN","NL",107,4,5,53,"CHI11",41147,"100000210","000001013",37,11,1,0,2,4,0,0,1,1,0,11,3,0,1,0,8,4,5,5,4,0,26,6,1,0,0,0,33,9,3,0,0,3,1,1,0,5,1,11,1,0,0,0,9,4,4,4,1,0,27,6,0,0,1,0,"grimj002","Justin Grimm","ramoa001","A.J. Ramos","","(none)","koeht001","Tom Koehler","lackj001","John Lackey",
"20160805","CHN","NL",108,"OAK","AL",109,7,2,54,"OAK01",25182,"403000000","000002000",37,11,2,0,2,7,0,0,1,1,0,11,0,0,1,0,5,3,2,2,0,0,27,9,0,0,0,0,32,6,1,0,1,2,0,0,0,1,0,10,0,1,0,0,4,4,7,7,1,0,27,9,0,0,1,0,"lestj001","Jon Lester","overd001","Dillon Overton","","(none)","lestj001","Jon Lester","overd001","Dillon Overton",
"20160806","CHN","NL",109,"OAK","AL",110,4,0,54,"OAK01",32358,"002002000","000000000",36,8,2,0,0,4,0,0,1,3,0,6,1,0,0,0,9,2,0,0,0,0,27,11,0,0,1,0,30,4,1,0,0,0,0,0,1,1,0,5,0,0,1,0,5,4,4,4,0,0,27,10,1,0,0,0,"arrij001","Jake Arrieta","grays001","Sonny Gray","","(none)","arrij001","Jake Arrieta","grays001","Sonny Gray",
"20160807","CHN","NL",110,"OAK","AL",111,3,1,54,"OAK01",23450,"000001110","000000010",34,10,3,0,2,3,0,0,0,4,1,7,0,2,0,0,8,3,1,1,0,0,27,9,0,0,0,0,31,4,0,0,1,1,0,0,0,0,0,6,0,0,0,0,3,6,3,3,0,0,27,9,0,0,1,0,"hendk001","Kyle Hendricks","manas001","Sean Manaea","chapa001","Aroldis Chapman","hendk001","Kyle Hendricks","manas001","Sean Manaea",
"20160809","ANA","AL",112,"CHN","NL",111,1,5,51,"CHI11",41227,"100000000","00122000x",29,3,0,0,1,1,0,0,0,1,0,7,0,0,0,0,2,4,4,4,0,0,24,8,1,0,0,0,30,8,3,0,2,4,0,1,0,2,0,7,0,1,0,0,4,2,1,1,0,0,27,8,0,0,0,0,"lackj001","John Lackey","weavj003","Jered Weaver","","(none)","weavj003","Jered Weaver","lackj001","John Lackey",
"20160810","ANA","AL",113,"CHN","NL",112,1,3,51,"CHI11",41015,"000000010","00101001x",33,6,1,0,0,1,0,0,0,2,0,10,2,0,0,0,7,3,3,3,1,0,24,4,1,0,0,0,32,7,2,0,1,3,0,0,0,1,0,6,0,0,0,0,6,5,1,1,0,0,27,13,0,0,0,0,"hammj002","Jason Hammel","nolar001","Ricky Nolasco","chapa001","Aroldis Chapman","nolar001","Ricky Nolasco","hammj002","Jason Hammel",
"20160811","SLN","NL",115,"CHN","NL",113,3,4,65,"CHI11",40597,"10000110000","00000300001",41,10,2,0,2,3,0,0,1,4,0,12,0,0,0,0,10,5,4,4,1,0,32,9,0,0,1,0,42,11,2,1,0,4,0,0,0,6,0,10,0,0,1,0,12,6,3,3,1,0,33,12,0,0,0,0,"montm002","Mike Montgomery","dukez001","Zach Duke","","(none)","martc006","Carlos Martinez","lestj001","Jon Lester",
"20160812","SLN","NL",116,"CHN","NL",114,2,13,51,"CHI11",40848,"000010010","25000240x",35,6,2,0,2,2,0,0,0,3,0,8,0,0,0,0,9,4,13,13,0,0,24,10,0,0,0,0,38,14,4,0,5,13,0,0,2,4,0,7,0,0,0,0,7,4,2,2,1,0,27,8,2,0,0,0,"arrij001","Jake Arrieta","waina001","Adam Wainwright","","(none)","waina001","Adam Wainwright","arrij001","Jake Arrieta",
"20160813","SLN","NL",117,"CHN","NL",115,8,4,54,"CHI11",41278,"000001160","020000002",35,8,0,0,3,7,0,0,1,4,0,14,0,0,0,0,5,5,3,3,0,0,27,14,1,0,2,0,32,8,1,0,1,3,0,0,0,4,0,6,0,1,1,0,5,4,8,8,1,0,27,6,0,0,0,0,"reyea004","Alex Reyes","edwac001","Carl Edwards","","(none)","weavl001","Luke Weaver","hendk001","Kyle Hendricks",
"20160814","SLN","NL",118,"CHN","NL",116,6,4,54,"CHI11",41019,"001000050","200001010",36,10,1,0,2,5,0,0,1,2,0,8,1,0,1,0,6,4,4,4,0,0,27,7,0,0,0,0,34,8,1,1,1,4,0,1,0,2,0,10,0,0,0,0,6,5,5,5,0,0,27,8,1,0,1,0,"bowmm001","Matt Bowman","rondh001","Hector Rondon","oh--s001","Seung Hwan Oh","leakm001","Mike Leake","lackj001","John Lackey",
"20160816","MIL","NL",117,"CHN","NL",117,0,4,51,"CHI11",41148,"000000000","10110001x",28,3,0,0,0,0,0,0,1,6,0,7,2,1,0,0,8,3,4,4,2,0,24,8,0,0,0,0,27,6,1,0,0,3,1,2,1,4,0,4,0,1,0,0,7,5,0,0,1,0,27,12,1,0,0,0,"cahit001","Trevor Cahill","garzm001","Matt Garza","chapa001","Aroldis Chapman","garzm001","Matt Garza","cahit001","Trevor Cahill",
"20160816","MIL","NL",118,"CHN","NL",118,1,4,51,"CHI11",39420,"000000001","00100300x",31,6,0,0,1,1,0,0,0,4,0,9,1,0,1,0,7,6,4,4,0,0,24,10,0,0,2,0,31,10,2,0,1,4,0,0,0,5,0,3,1,0,1,0,8,4,1,1,1,0,27,10,1,0,1,0,"hammj002","Jason Hammel","marij001","Jhan Marinez","chapa001","Aroldis Chapman","andec001","Chase Anderson","hammj002","Jason Hammel",
"20160817","MIL","NL",119,"CHN","NL",119,1,6,51,"CHI11",40310,"000001000","50100000x",31,4,0,0,0,1,0,0,0,2,0,9,2,0,0,0,5,4,6,6,0,0,24,7,0,0,1,0,31,8,1,0,2,6,0,0,2,4,0,6,0,0,1,0,7,3,1,1,0,0,27,9,0,0,0,0,"lestj001","Jon Lester","nelsj004","Jimmy Nelson","","(none)","nelsj004","Jimmy Nelson","lestj001","Jon Lester",
"20160818","MIL","NL",120,"CHN","NL",120,6,9,51,"CHI11",41407,"000302010","20320101x",32,6,2,0,2,6,0,0,0,10,0,5,1,0,0,0,9,5,9,9,0,0,24,7,0,0,0,0,38,14,5,0,2,9,0,0,0,2,0,6,0,0,0,0,7,4,6,6,0,0,27,11,0,2,0,0,"arrij001","Jake Arrieta","daviz001","Zach Davies","chapa001","Aroldis Chapman","daviz001","Zach Davies","arrij001","Jake Arrieta",
"20160819","CHN","NL",121,"COL","NL",122,6,7,64,"DEN02",43950,"10101200001","10000013002",42,12,0,0,2,6,1,0,1,3,0,12,1,0,0,0,8,6,5,5,0,0,31,10,2,0,1,0,40,11,4,0,1,5,0,1,0,3,0,7,0,0,0,0,6,6,6,6,0,0,33,15,0,0,0,0,"caram001","Matt Carasiti","chapa001","Aroldis Chapman","","(none)","hendk001","Kyle Hendricks","andet002","Tyler Anderson",
"20160820","CHN","NL",122,"COL","NL",123,9,2,54,"DEN02",48113,"000430101","000011000",40,15,1,0,2,9,1,0,0,3,0,8,0,0,2,0,8,2,2,2,0,0,27,10,0,0,1,0,31,5,0,0,1,2,0,0,0,3,0,9,1,0,0,0,5,4,8,8,0,0,27,9,2,0,2,0,"cahit001","Trevor Cahill","hoffj003","Jeff Hoffman","","(none)","montm002","Mike Montgomery","hoffj003","Jeff Hoffman",
"20160821","CHN","NL",123,"COL","NL",124,4,11,51,"DEN02",46206,"000010102","70030001x",32,7,0,0,2,4,0,0,0,1,0,6,0,0,1,0,2,3,7,7,0,0,24,6,4,0,1,0,39,14,3,0,3,11,0,0,0,3,0,10,0,0,1,0,7,2,4,4,0,0,27,14,0,0,1,0,"delaj001","Jorge de la Rosa","hammj002","Jason Hammel","","(none)","hammj002","Jason Hammel","delaj001","Jorge de la Rosa",
"20160822","CHN","NL",124,"SDN","NL",125,5,1,54,"SAN02",31707,"011030000","000000100",34,11,1,0,3,5,1,1,0,5,2,2,1,0,2,0,9,4,1,1,1,0,27,8,1,0,0,0,31,6,1,0,0,0,1,0,0,2,0,14,3,2,0,0,6,3,5,5,0,0,27,12,0,0,2,0,"lestj001","Jon Lester","jacke001","Edwin Jackson","","(none)","lestj001","Jon Lester","jacke001","Edwin Jackson",
"20160823","CHN","NL",125,"SDN","NL",126,5,3,54,"SAN02",33614,"001031000","000000003",37,10,4,1,2,5,0,1,0,4,0,4,0,0,0,0,10,3,3,3,1,0,27,15,0,0,3,0,26,4,1,0,0,2,0,1,0,6,0,8,1,0,3,0,3,5,5,5,1,0,27,10,1,0,0,0,"arrij001","Jake Arrieta","friec001","Christian Friedrich","chapa001","Aroldis Chapman","arrij001","Jake Arrieta","friec001","Christian Friedrich",
"20160824","CHN","NL",126,"SDN","NL",127,6,3,54,"SAN02",30033,"300002100","011000010",36,10,3,1,1,5,0,1,0,0,0,10,0,0,0,0,4,4,3,3,0,0,27,4,1,0,0,0,33,6,2,2,0,3,0,1,0,3,0,14,0,0,0,0,7,4,5,5,1,0,27,7,1,0,1,0,"hendk001","Kyle Hendricks","clemp002","Paul Clemens","chapa001","Aroldis Chapman","hendk001","Kyle Hendricks","clemp002","Paul Clemens",
"20160826","CHN","NL",127,"LAN","NL",128,6,4,60,"LOS03",48609,"1000100112","0111001000",39,9,1,0,2,5,0,0,0,4,0,12,0,0,0,0,7,5,4,4,2,0,30,15,1,0,1,0,38,9,3,0,1,3,0,0,1,5,0,12,0,1,1,0,10,5,6,6,1,0,30,7,0,0,0,0,"woodt004","Travis Wood","libea001","Adam Liberatore","chapa001","Aroldis Chapman","montm002","Mike Montgomery","norrb001","Bud Norris",
"20160827","CHN","NL",128,"LAN","NL",129,2,3,51,"LOS03",49522,"100000100","10200000x",31,8,0,0,0,2,1,0,0,4,0,10,0,1,2,0,7,4,3,3,1,0,24,7,0,0,0,0,30,6,1,0,1,3,0,0,0,0,0,6,0,0,0,0,3,5,1,1,0,1,27,11,1,0,2,0,"uriaj001","Julio Urias","hammj002","Jason Hammel","jansk001","Kenley Jansen","hammj002","Jason Hammel","uriaj001","Julio Urias",
"20160828","CHN","NL",129,"LAN","NL",130,0,1,51,"LOS03",44745,"000000000","00000001x",30,4,1,0,0,0,1,0,0,4,0,10,0,0,0,0,8,4,0,0,0,0,24,6,2,0,2,0,28,4,0,0,0,1,0,0,1,3,1,12,0,0,2,0,7,5,0,0,0,0,27,4,0,0,0,0,"blanj001","Joe Blanton","cahit001","Trevor Cahill","jansk001","Kenley Jansen","lestj001","Jon Lester","stewb001","Brock Stewart",
"20160829","PIT","NL",129,"CHN","NL",130,7,8,75,"CHI11",38951,"0001032000001","1020000210002",49,13,1,0,2,7,0,1,0,6,0,12,3,2,0,0,10,7,7,7,1,0,36,11,1,0,2,0,52,17,3,1,2,8,0,0,1,6,2,12,0,0,1,0,15,8,7,7,0,0,39,19,2,0,0,0,"zastr001","Rob Zastryzny","lockj001","Jeff Locke","","(none)","braus002","Steven Brault","arrij001","Jake Arrieta",
"20160830","PIT","NL",130,"CHN","NL",131,0,3,51,"CHI11",38174,"000000000","21000000x",29,4,2,0,0,0,0,0,0,1,0,5,1,1,0,0,3,3,3,3,0,0,24,8,0,0,0,0,28,5,1,0,1,3,0,0,1,3,0,7,1,0,0,0,5,3,0,0,0,0,27,12,0,0,0,0,"hendk001","Kyle Hendricks","kuhlc001","Chad Kuhl","chapa001","Aroldis Chapman","kuhlc001","Chad Kuhl","hendk001","Kyle Hendricks",
"20160831","PIT","NL",131,"CHN","NL",132,5,6,51,"CHI11",38137,"000010121","10010310x",36,9,3,1,0,5,0,0,0,8,0,12,0,0,1,0,12,4,6,6,2,1,24,9,0,0,0,0,31,8,2,1,1,5,0,1,0,6,0,5,0,0,0,0,8,6,5,5,3,0,27,8,2,0,1,0,"hammj002","Jason Hammel","voger001","Ryan Vogelsong","chapa001","Aroldis Chapman","voger001","Ryan Vogelsong","hammj002","Jason Hammel",
"20160901","SFN","NL",133,"CHN","NL",133,4,5,51,"CHI11",38536,"211000000","30000020x",28,3,1,0,1,3,0,1,1,3,0,6,0,0,1,0,2,7,5,5,1,0,24,7,0,0,0,0,32,8,1,0,0,5,0,0,0,5,1,8,1,0,0,0,8,4,3,3,2,0,27,15,1,0,1,0,"smitj002","Joe Smith","strih001","Hunter Strickland","edwac001","Carl Edwards","samaj001","Jeff Samardzija","montm002","Mike Montgomery",
"20160902","SFN","NL",134,"CHN","NL",134,1,2,51,"CHI11",40818,"000000100","00200000x",30,3,2,0,1,1,0,0,0,2,0,4,0,0,0,0,4,5,2,2,0,0,24,8,0,0,1,0,27,5,3,0,0,2,1,0,0,5,1,6,0,0,0,0,7,1,1,1,0,0,27,9,0,0,0,0,"lestj001","Jon Lester","suara001","Albert Suarez","","(none)","suara001","Albert Suarez","lestj001","Jon Lester",
"20160903","SFN","NL",135,"CHN","NL",135,3,2,54,"CHI11",41250,"100101000","000011000",32,4,1,0,0,1,0,0,0,2,0,8,2,0,0,0,4,6,2,2,0,1,27,9,1,0,1,0,32,7,1,0,0,2,1,1,1,3,0,12,1,0,0,0,9,4,2,2,2,0,27,10,1,1,0,0,"bumgm001","Madison Bumgarner","arrij001","Jake Arrieta","garcj002","Santiago Casilla","bumgm001","Madison Bumgarner","arrij001","Jake Arrieta",
"20160904","SFN","NL",136,"CHN","NL",136,2,3,76,"CHI11",41293,"0100100000000","0001000010001",42,4,1,0,0,2,1,0,2,3,0,15,2,1,0,0,7,10,3,3,1,0,37,14,0,0,1,0,46,10,2,0,0,3,0,0,1,4,1,8,1,0,1,0,11,8,1,1,0,0,39,17,1,1,0,0,"cahit001","Trevor Cahill","reynm002","Matt Reynolds","","(none)","cuetj001","Johnny Cueto","lackj001","John Lackey",
"20160905","CHN","NL",137,"MIL","NL",137,7,2,54,"MIL06",43662,"000001240","010000001",37,10,1,0,0,6,0,0,2,2,0,4,0,0,0,0,7,4,2,2,1,0,27,5,0,0,1,0,31,6,1,0,2,2,0,0,0,2,0,10,0,1,1,0,4,5,5,5,0,0,27,15,2,0,1,0,"hendk001","Kyle Hendricks","daviz001","Zach Davies","","(none)","hendk001","Kyle Hendricks","daviz001","Zach Davies",
"20160906","CHN","NL",138,"MIL","NL",138,5,12,51,"MIL06",32888,"110000021","50010312x",35,8,4,0,3,5,0,0,0,2,0,6,0,0,0,0,5,4,9,9,2,0,24,8,2,0,3,0,37,16,2,1,2,11,0,1,1,3,0,7,3,0,3,0,6,3,5,5,0,0,27,10,0,0,0,0,"peraw001","Wily Peralta","hammj002","Jason Hammel","","(none)","hammj002","Jason Hammel","peraw001","Wily Peralta",
"20160907","CHN","NL",139,"MIL","NL",139,1,2,51,"MIL06",23832,"000001000","00010001x",29,3,0,0,1,1,0,0,0,2,0,8,0,0,1,0,3,6,2,2,0,0,24,13,0,0,1,0,26,5,0,0,2,2,0,0,0,5,1,8,0,1,1,0,5,4,1,1,0,0,27,10,0,0,1,0,"knebc001","Corey Knebel","smitj002","Joe Smith","thort001","Tyler Thornburg","montm002","Mike Montgomery","garzm001","Matt Garza",
"20160909","CHN","NL",140,"HOU","AL",141,2,0,54,"HOU03",33841,"000020000","000000000",32,5,1,1,1,2,0,0,1,3,0,8,0,0,0,0,7,3,0,0,0,0,27,10,0,0,1,0,31,7,1,0,0,0,0,0,0,0,0,10,3,1,1,0,4,4,2,2,0,0,27,3,0,0,0,0,"lestj001","Jon Lester","musgj001","Joe Musgrove","chapa001","Aroldis Chapman","lestj001","Jon Lester","musgj001","Joe Musgrove",
"20160910","CHN","NL",141,"HOU","AL",142,1,2,51,"HOU03",41854,"000100000","00200000x",26,2,1,0,0,1,0,1,0,6,0,12,1,1,0,0,5,3,2,2,0,0,24,9,1,0,0,0,27,5,0,0,1,2,1,0,0,4,0,8,0,1,0,0,6,5,1,1,2,0,27,4,1,0,1,0,"mchuc001","Collin McHugh","lackj001","John Lackey","gilek001","Ken Giles","lackj001","John Lackey","mchuc001","Collin McHugh",
"20160911","CHN","NL",142,"HOU","AL",143,9,5,54,"HOU03",31939,"124200000","000102002",36,10,2,0,2,8,0,1,0,4,0,11,0,0,0,0,5,4,5,5,3,0,27,14,0,0,1,0,32,7,1,0,3,4,0,0,1,3,0,5,0,0,1,0,4,6,9,9,2,0,27,7,1,0,0,0,"arrij001","Jake Arrieta","fierm001","Michael Fiers","","(none)","arrij001","Jake Arrieta","fierm001","Michael Fiers",
"20160912","CHN","NL",143,"SLN","NL",143,4,1,54,"STL10",43397,"011020000","000000001",32,7,1,0,2,4,1,0,0,3,1,6,0,0,2,0,5,2,1,1,0,0,27,10,0,0,1,0,27,1,0,0,1,1,0,0,0,3,0,8,0,0,1,0,2,4,3,3,0,0,27,11,1,0,2,0,"hendk001","Kyle Hendricks","leakm001","Mike Leake","chapa001","Aroldis Chapman","hendk001","Kyle Hendricks","leakm001","Mike Leake",
"20160913","CHN","NL",144,"SLN","NL",144,2,4,51,"STL10",44060,"110000000","02000200x",30,4,1,0,1,2,1,0,0,8,0,7,0,0,0,0,10,4,4,4,0,0,24,4,0,0,0,0,30,7,1,0,2,4,0,0,1,3,0,11,0,0,0,0,6,4,2,2,1,0,27,7,0,0,0,0,"reyea004","Alex Reyes","hammj002","Jason Hammel","siegk001","Kevin Siegrist","hammj002","Jason Hammel","garcj004","Jaime Garcia",
"20160914","CHN","NL",145,"SLN","NL",145,7,0,54,"STL10",44701,"001021003","000000000",38,12,1,1,3,7,0,0,1,1,0,12,0,0,0,0,6,2,0,0,0,0,27,12,0,0,0,0,28,3,0,0,0,0,0,0,0,1,0,9,0,2,0,0,2,4,7,7,1,0,27,4,0,0,1,0,"lestj001","Jon Lester","martc006","Carlos Martinez","","(none)","lestj001","Jon Lester","martc006","Carlos Martinez",
"20160915","MIL","NL",147,"CHN","NL",146,5,4,54,"CHI11",41362,"000300200","020100010",34,7,4,0,1,5,0,0,0,2,0,11,0,0,1,0,4,3,4,4,0,0,27,10,0,1,1,0,35,10,2,0,1,4,0,0,0,5,0,11,0,0,1,0,9,4,3,3,0,0,27,11,2,0,1,0,"nelsj004","Jimmy Nelson","grimj002","Justin Grimm","thort001","Tyler Thornburg","nelsj004","Jimmy Nelson","montm002","Mike Montgomery",
"20160916","MIL","NL",148,"CHN","NL",147,4,5,57,"CHI11",40823,"0110002000","0000200021",38,10,1,0,3,4,0,0,0,2,0,13,1,1,1,0,6,7,4,4,0,0,27,13,1,0,4,0,34,11,2,0,2,5,0,0,1,4,0,4,0,0,4,0,7,3,4,4,0,0,30,5,1,0,1,0,"chapa001","Aroldis Chapman","boyeb001","Blaine Boyer","","(none)","andec001","Chase Anderson","lackj001","John Lackey",
"20160917","MIL","NL",149,"CHN","NL",148,11,3,54,"CHI11",40956,"000103034","300000000",34,8,2,0,4,11,0,0,1,6,0,11,2,0,2,0,3,5,3,3,1,0,27,11,0,1,1,0,33,8,1,1,1,3,0,0,1,2,0,9,0,1,1,0,6,4,10,10,1,0,27,7,1,0,2,0,"daviz001","Zach Davies","arrij001","Jake Arrieta","","(none)","daviz001","Zach Davies","arrij001","Jake Arrieta",
"20160918","MIL","NL",150,"CHN","NL",149,3,1,54,"CHI11",41286,"020000010","000001000",34,7,2,0,1,3,0,0,0,1,0,12,2,0,0,0,5,3,1,1,0,0,27,5,0,0,0,0,36,9,2,0,0,1,0,0,1,2,0,9,0,0,0,0,11,5,3,3,0,0,27,10,0,0,0,0,"peraw001","Wily Peralta","hendk001","Kyle Hendricks","thort001","Tyler Thornburg","peraw001","Wily Peralta","hendk001","Kyle Hendricks",
"20160919","CIN","NL",150,"CHN","NL",150,2,5,51,"CHI11",39251,"010001000","00000032x",33,6,0,1,1,2,0,0,0,2,0,9,0,1,0,0,6,2,5,5,0,0,24,5,0,0,0,0,33,9,3,0,3,5,0,0,1,0,0,6,0,0,0,0,5,3,2,2,0,0,27,10,1,0,0,0,"hammj002","Jason Hammel","woodb004","Blake Wood","chapa001","Aroldis Chapman","adlet001","Tim Adleman","hammj002","Jason Hammel",
"20160920","CIN","NL",151,"CHN","NL",151,1,6,51,"CHI11",40586,"000010000","01040100x",33,7,1,1,0,1,0,0,1,2,0,7,0,0,2,0,8,5,6,6,0,0,24,8,0,0,1,0,33,11,3,0,0,6,0,0,1,6,0,5,1,1,1,0,10,4,1,1,0,0,27,14,1,0,2,0,"lestj001","Jon Lester","smitj004","Josh Smith","","(none)","smitj004","Josh Smith","lestj001","Jon Lester",
"20160921","CIN","NL",152,"CHN","NL",152,2,9,51,"CHI11",40434,"020000000","20111220x",31,6,2,0,0,2,1,0,1,1,0,5,0,0,0,0,5,6,9,9,2,1,24,5,1,0,0,0,39,15,0,0,2,8,0,0,1,5,1,5,0,0,0,0,12,4,2,2,0,0,27,12,1,0,0,0,"lackj001","John Lackey","stepr002","Robert Stephenson","","(none)","stepr002","Robert Stephenson","lackj001","John Lackey",
"20160923","SLN","NL",153,"CHN","NL",153,0,5,51,"CHI11",40791,"000000000","40010000x",28,5,0,0,0,0,0,0,0,2,0,13,0,0,3,0,3,7,5,5,2,0,24,9,0,0,0,0,33,9,3,0,0,4,0,0,0,6,0,4,2,0,0,0,10,4,0,0,0,0,27,10,0,0,3,0,"arrij001","Jake Arrieta","leakm001","Mike Leake","","(none)","leakm001","Mike Leake","arrij001","Jake Arrieta",
"20160924","SLN","NL",154,"CHN","NL",154,10,4,54,"CHI11",40785,"411000310","210000001",40,14,5,0,1,10,0,0,1,4,0,8,0,0,2,0,8,4,4,4,0,0,27,5,0,0,1,0,34,8,1,2,1,4,0,0,0,3,0,10,0,0,1,0,6,8,10,10,0,0,27,9,1,0,2,0,"reyea004","Alex Reyes","hammj002","Jason Hammel","","(none)","reyea004","Alex Reyes","hammj002","Jason Hammel",
"20160925","SLN","NL",155,"CHN","NL",155,1,3,51,"CHI11",40859,"000000010","00001101x",31,5,1,0,0,1,1,0,0,3,0,11,0,0,1,0,7,4,3,3,0,0,24,12,0,0,1,0,30,8,2,0,1,3,0,0,1,5,1,10,3,0,1,0,9,4,1,1,0,0,27,9,0,0,1,0,"lestj001","Jon Lester","martc006","Carlos Martinez","chapa001","Aroldis Chapman","martc006","Carlos Martinez","lestj001","Jon Lester",
"20160926","CHN","NL",156,"PIT","NL",156,12,2,54,"PIT08",20519,"100406100","000000020",44,18,4,0,2,11,0,1,1,6,0,10,0,0,2,0,13,4,2,2,0,0,27,12,0,0,0,0,37,10,1,0,2,2,0,0,0,1,0,10,0,0,0,0,9,5,8,8,3,0,27,13,2,0,2,0,"hendk001","Kyle Hendricks","kuhlc001","Chad Kuhl","","(none)","hendk001","Kyle Hendricks","kuhlc001","Chad Kuhl",
"20160927","CHN","NL",157,"PIT","NL",157,6,4,54,"PIT08",22454,"030100002","010000003",35,8,2,2,0,5,1,0,1,7,0,9,1,0,0,0,11,7,4,4,3,0,27,15,2,1,3,0,34,8,1,0,0,3,0,0,0,8,1,9,1,0,2,0,11,5,4,4,1,0,27,5,1,0,0,0,"lackj001","John Lackey","voger001","Ryan Vogelsong","penaf002","Felix Pena","lackj001","John Lackey","voger001","Ryan Vogelsong",
"20160928","CHN","NL",158,"PIT","NL",158,4,8,51,"PIT08",24138,"100000300","10033010x",32,4,1,0,1,3,0,0,1,4,0,6,1,0,1,0,6,5,8,8,1,0,24,12,0,0,1,0,34,12,3,1,1,7,1,0,2,2,0,8,0,0,1,0,7,6,2,2,1,0,27,12,2,0,1,0,"tailj001","Jameson Taillon","arrij001","Jake Arrieta","","(none)","arrij001","Jake Arrieta","tailj001","Jameson Taillon",
"20160929","CHN","NL",159,"PIT","NL",159,1,1,31,"PIT08",19991,"010000","00100x",18,4,1,0,0,1,1,1,0,0,0,5,0,0,0,0,3,2,0,0,0,0,15,7,1,0,1,0,16,2,0,0,0,1,0,1,0,2,0,4,0,0,1,0,3,1,1,1,1,0,16,6,0,0,0,0,"","","","","","(none)","zastr001","Rob Zastryzny","novai001","Ivan Nova",
"20160930","CHN","NL",160,"CIN","NL",160,7,3,54,"CIN09",27368,"000011140","000001002",33,8,2,0,2,7,0,0,0,4,0,4,0,1,1,0,3,5,3,3,2,0,27,11,0,0,1,0,32,5,1,0,1,3,0,0,0,1,0,8,0,0,1,0,3,5,7,7,1,0,27,9,0,0,1,0,"buchj001","Jake Buchanan","smitj004","Josh Smith","","(none)","buchj001","Jake Buchanan","smitj004","Josh Smith",
"20161001","CHN","NL",161,"CIN","NL",161,4,7,51,"CIN09",30970,"000300010","12101020x",33,8,1,0,1,4,0,0,0,3,0,9,1,0,1,0,5,4,7,7,0,0,24,8,1,0,0,0,32,10,4,0,1,7,0,1,1,5,0,9,5,0,0,0,8,4,4,4,0,0,27,8,0,0,1,0,"adlet001","Tim Adleman","lestj001","Jon Lester","igler001","Raisel Iglesias","lestj001","Jon Lester","adlet001","Tim Adleman",
"20161002","CHN","NL",162,"CIN","NL",162,7,4,54,"CIN09",32587,"001100014","300100000",35,9,2,0,2,7,0,0,0,9,0,12,0,0,1,0,10,6,4,4,0,0,27,11,0,0,0,0,32,6,2,0,0,4,0,0,1,3,0,7,0,0,0,0,5,6,7,7,0,0,27,10,0,0,1,0,"grimj002","Justin Grimm","igler001","Raisel Iglesias","edwac001","Carl Edwards","hendk001","Kyle Hendricks","stepr002","Robert Stephenson",
